DateID,PublicationDate,Day,Month,Year
0,01 July 2024,1,July,2024
1,9 January 2024,9,January,2024
2,16 November 2023,16,November,2023
3,05 November 2023,5,November,2023
4,6 March 2024,6,March,2024
5,20 July 2021,20,July,2021
6,15 July 2023,15,July,2023
7,13 August 2021,13,August,2021
8,02 November 2023,2,November,2023
9,8 May 2023,8,May,2023
10,28 November 2016,28,November,2016
11,27 October 2024,27,October,2024
12,8 October 2024,8,October,2024
13,15 April 2024,15,April,2024
14,10 August 2024,10,August,2024
15,25 November 2023,25,November,2023
16,29 May 2019,29,May,2019
17,24 October 2016,24,October,2016
18,09 August 2024,9,August,2024
19,21 December 2018,21,December,2018
20,14 October 2022,14,October,2022
21,9 October 2021,9,October,2021
22,07 October 2020,7,October,2020
23,15 March 2024,15,March,2024
24,28 January 2020,28,January,2020
25,02 October 2019,2,October,2019
26,31 October 2023,31,October,2023
27,29 June 2024,29,June,2024
28,12 July 2021,12,July,2021
29,27 January 2022,27,January,2022
30,03 June 2024,3,June,2024
31,12 August 2023,12,August,2023
32,27 December 2022,27,December,2022
33,06 December 2018,6,December,2018
34,12 November 2024,12,November,2024
35,05 December 2022,5,December,2022
36,28 February 2022,28,February,2022
37,25 June 2024,25,June,2024
38,14 June 2024,14,June,2024
39,11 July 2024,11,July,2024
40,01 January 2021,1,January,2021
41,06 May 2015,6,May,2015
42,22 June 2022,22,June,2022
43,19 September 2024,19,September,2024
44,24 May 2023,24,May,2023
45,6 March 2023,6,March,2023
46,12 August 2019,12,August,2019
47,03 December 2024,3,December,2024
48,10 March 2022,10,March,2022
49,09 July 2022,9,July,2022
50,8 July 2023,8,July,2023
51,20 April 2020,20,April,2020
52,01 January 2018,1,January,2018
53,05 June 2016,5,June,2016
54,10 April 2023,10,April,2023
55,07 May 2021,7,May,2021
56,30 June 2016,30,June,2016
57,19 September 2016,19,September,2016
58,21 August 2024,21,August,2024
59,02 April 2024,2,April,2024
60,15 October 2020,15,October,2020
61,20 July 2022,20,July,2022
62,14 November 2024,14,November,2024
63,3 December 2024,3,December,2024
64,16 June 2017,16,June,2017
65,25 May 2020,25,May,2020
66,29 May 2018,29,May,2018
67,22 September 2023,22,September,2023
68,8 February 2024,8,February,2024
69,2 March 2023,2,March,2023
70,18 September 2020,18,September,2020
71,29 August 2017,29,August,2017
72,02 October 2023,2,October,2023
73,4 August 2023,4,August,2023
74,20 January 2023,20,January,2023
75,20 February 2023,20,February,2023
76,14 October 2023,14,October,2023
77,07 January 2020,7,January,2020
78,11 May 2024,11,May,2024
79,15 November 2023,15,November,2023
80,19 July 2022,19,July,2022
81,04 November 2019,4,November,2019
82,28 April 2023,28,April,2023
83,01 April 2018,1,April,2018
84,04 December 2024,4,December,2024
85,29 March 2017,29,March,2017
86,4 August 2024,4,August,2024
87,23 January 2023,23,January,2023
88,01 October 2023,1,October,2023
89,2 February 2023,2,February,2023
90,6 November 2024,6,November,2024
91,28 July 2023,28,July,2023
92,18 August 2022,18,August,2022
93,16 October 2012,16,October,2012
94,13 November 2023,13,November,2023
95,1 February 2024,1,February,2024
96,17 August 2022,17,August,2022
97,01 October 2019,1,October,2019
98,02 January 2019,2,January,2019
99,09 November 2009,9,November,2009
100,8 April 2024,8,April,2024
101,7 March 2024,7,March,2024
102,20 March 2020,20,March,2020
103,11 August 2020,11,August,2020
104,01 April 2022,1,April,2022
105,21 August 2023,21,August,2023
106,7 July 2024,7,July,2024
107,28 December 2023,28,December,2023
108,03 September 2024,3,September,2024
109,13 November 2022,13,November,2022
110,30 May 2022,30,May,2022
111,11 October 2012,11,October,2012
112,27 March 2015,27,March,2015
113,27 February 2020,27,February,2020
114,17 September 2024,17,September,2024
115,19 March 2024,19,March,2024
116,12 October 2023,12,October,2023
117,09 April 2019,9,April,2019
118,05 October 2021,5,October,2021
119,29 October 2022,29,October,2022
120,16 April 2022,16,April,2022
121,11 August 2024,11,August,2024
122,20 August 2023,20,August,2023
123,14 May 2014,14,May,2014
124,20 February 2012,20,February,2012
125,27 May 2023,27,May,2023
126,26 November 2024,26,November,2024
127,24 June 2024,24,June,2024
128,06 June 2024,6,June,2024
129,4 April 2024,4,April,2024
130,16 May 2024,16,May,2024
131,1 April 2024,1,April,2024
132,01 January 2019,1,January,2019
133,19 November 2020,19,November,2020
134,29 September 2018,29,September,2018
135,08 September 2015,8,September,2015
136,23 August 2024,23,August,2024
137,31 March 2024,31,March,2024
138,24 December 2023,24,December,2023
139,23 April 2023,23,April,2023
140,01 June 2024,1,June,2024
141,23 September 2023,23,September,2023
142,30 November 2022,30,November,2022
143,21 March 2021,21,March,2021
144,13 April 2022,13,April,2022
145,09 April 2024,9,April,2024
146,29 February 2024,29,February,2024
147,12 March 2024,12,March,2024
148,30 November 2023,30,November,2023
149,18 November 2023,18,November,2023
150,22 September 2024,22,September,2024
151,16 February 2023,16,February,2023
152,04 March 2016,4,March,2016
153,3 July 2023,3,July,2023
154,26 September 2024,26,September,2024
155,25 October 2023,25,October,2023
156,22 October 2019,22,October,2019
157,04 October 2024,4,October,2024
158,28 November 2023,28,November,2023
159,29 October 2023,29,October,2023
160,02 March 2023,2,March,2023
161,13 September 2016,13,September,2016
162,22 February 2023,22,February,2023
163,6 April 2023,6,April,2023
164,18 October 2024,18,October,2024
165,19 October 2023,19,October,2023
166,29 December 2023,29,December,2023
167,07 March 2020,7,March,2020
168,6 January 2024,6,January,2024
169,4 December 2019,4,December,2019
170,13 June 2024,13,June,2024
171,05 September 2024,5,September,2024
172,16 August 2023,16,August,2023
173,23 May 2024,23,May,2024
174,31 August 2024,31,August,2024
175,06 December 2020,6,December,2020
176,12 January 2023,12,January,2023
177,1 September 2023,1,September,2023
178,01 December 2017,1,December,2017
179,05 April 2018,5,April,2018
180,8 December 2024,8,December,2024
181,5 March 2024,5,March,2024
182,24 November 2022,24,November,2022
183,5 June 2024,5,June,2024
184,20 September 2023,20,September,2023
185,05 November 2018,5,November,2018
186,05 November 2019,5,November,2019
187,06 November 2019,6,November,2019
188,24 May 2016,24,May,2016
189,8 September 2022,8,September,2022
190,29 April 2024,29,April,2024
191,13 November 2024,13,November,2024
192,31 May 2024,31,May,2024
193,04 March 2024,4,March,2024
194,28 January 2024,28,January,2024
195,6 July 2023,6,July,2023
196,9 September 2023,9,September,2023
197,9 May 2023,9,May,2023
198,18 March 2016,18,March,2016
199,11 January 2024,11,January,2024
200,08 February 2022,8,February,2022
201,08 September 2023,8,September,2023
202,26 December 2023,26,December,2023
203,13 December 2023,13,December,2023
204,21 July 2023,21,July,2023
205,20 December 2016,20,December,2016
206,22 December 2017,22,December,2017
207,6 February 2024,6,February,2024
208,12 May 2023,12,May,2023
209,04 August 2023,4,August,2023
210,18 December 2024,18,December,2024
211,02 August 2023,2,August,2023
212,08 October 2018,8,October,2018
213,05 November 2024,5,November,2024
214,18 July 2023,18,July,2023
215,18 January 2021,18,January,2021
216,20 August 2024,20,August,2024
217,7 October 2024,7,October,2024
218,12 June 2023,12,June,2023
219,22 February 2022,22,February,2022
220,6 October 2023,6,October,2023
221,12 October 2017,12,October,2017
222,4 October 2023,4,October,2023
223,3 April 2023,3,April,2023
224,09 September 2019,9,September,2019
225,26 February 2020,26,February,2020
226,14 April 2009,14,April,2009
227,01 May 2018,1,May,2018
228,06 May 2022,6,May,2022
229,25 May 2019,25,May,2019
230,24 January 2023,24,January,2023
231,26 October 2022,26,October,2022
232,29 November 2021,29,November,2021
233,16 September 2020,16,September,2020
234,10 June 2024,10,June,2024
235,28 April 2020,28,April,2020
236,23 November 2024,23,November,2024
237,4 October 2024,4,October,2024
238,6 December 2023,6,December,2023
239,6 February 2023,6,February,2023
240,01 March 2022,1,March,2022
241,28 October 2020,28,October,2020
242,06 November 2017,6,November,2017
243,20 February 2017,20,February,2017
244,04 September 2024,4,September,2024
245,25 April 2024,25,April,2024
246,19 May 2024,19,May,2024
247,14 March 2023,14,March,2023
248,23 August 2022,23,August,2022
249,21 February 2019,21,February,2019
250,23 May 2018,23,May,2018
251,29 January 2024,29,January,2024
252,18 April 2018,18,April,2018
253,18 January 2023,18,January,2023
254,8 June 2024,8,June,2024
255,13 September 2023,13,September,2023
256,07 December 2021,7,December,2021
257,9 February 2023,9,February,2023
258,18 April 2022,18,April,2022
259,9 May 2021,9,May,2021
260,11 December 2019,11,December,2019
261,17 October 2022,17,October,2022
262,14 February 2023,14,February,2023
263,19 January 2019,19,January,2019
264,7 June 2023,7,June,2023
265,28 February 2024,28,February,2024
266,02 November 2021,2,November,2021
267,25 December 2023,25,December,2023
268,7 December 2024,7,December,2024
269,26 June 2018,26,June,2018
270,15 October 2024,15,October,2024
271,07 August 2024,7,August,2024
272,24 July 2024,24,July,2024
273,5 October 2023,5,October,2023
274,27 January 2023,27,January,2023
275,17 April 2023,17,April,2023
276,27 May 2018,27,May,2018
277,29 July 2024,29,July,2024
278,30 January 2023,30,January,2023
279,6 August 2024,6,August,2024
280,27 April 2024,27,April,2024
281,7 October 2023,7,October,2023
282,25 February 2022,25,February,2022
283,14 February 2024,14,February,2024
284,3 April 2024,3,April,2024
285,30 March 2024,30,March,2024
286,5 August 2024,5,August,2024
287,22 November 2018,22,November,2018
288,18 June 2022,18,June,2022
289,10 July 2024,10,July,2024
290,24 September 2024,24,September,2024
291,18 January 2024,18,January,2024
292,11 July 2023,11,July,2023
293,29 August 2023,29,August,2023
294,8 February 2023,8,February,2023
295,12 July 2023,12,July,2023
296,17 May 2022,17,May,2022
297,17 August 2012,17,August,2012
298,29 March 2016,29,March,2016
299,31 August 2021,31,August,2021
300,21 February 2023,21,February,2023
301,7 July 2023,7,July,2023
302,25 August 2024,25,August,2024
303,3 May 2024,3,May,2024
304,08 March 2022,8,March,2022
305,05 July 2023,5,July,2023
306,20 May 2015,20,May,2015
307,21 November 2022,21,November,2022
308,2 April 2024,2,April,2024
309,17 February 2023,17,February,2023
310,08 July 2024,8,July,2024
311,27 June 2024,27,June,2024
312,22 June 2024,22,June,2024
313,10 February 2024,10,February,2024
314,31 August 2020,31,August,2020
315,09 May 2023,9,May,2023
316,03 March 2020,3,March,2020
317,09 September 2024,9,September,2024
318,15 November 2024,15,November,2024
319,29 March 2023,29,March,2023
320,28 July 2016,28,July,2016
321,15 June 2018,15,June,2018
322,28 October 2024,28,October,2024
323,21 March 2024,21,March,2024
324,26 June 2024,26,June,2024
325,17 November 2024,17,November,2024
326,14 November 2023,14,November,2023
327,14 December 2023,14,December,2023
328,21 September 2022,21,September,2022
329,24 October 2015,24,October,2015
330,23 January 2020,23,January,2020
331,11 July 2016,11,July,2016
332,1 April 2023,1,April,2023
333,26 April 2024,26,April,2024
334,07 October 2024,7,October,2024
335,18 April 2024,18,April,2024
336,13 March 2024,13,March,2024
337,26 January 2024,26,January,2024
338,11 March 2024,11,March,2024
339,25 June 2019,25,June,2019
340,06 September 2024,6,September,2024
341,01 November 2022,1,November,2022
342,26 November 2021,26,November,2021
343,05 January 2023,5,January,2023
344,19 September 2022,19,September,2022
345,15 November 2020,15,November,2020
346,05 August 2024,5,August,2024
347,05 July 2024,5,July,2024
348,8 September 2024,8,September,2024
349,1 August 2024,1,August,2024
350,12 September 2023,12,September,2023
351,04 December 2020,4,December,2020
352,01 February 2021,1,February,2021
353,05 September 2022,5,September,2022
354,11 November 2020,11,November,2020
355,08 May 2024,8,May,2024
356,15 June 2022,15,June,2022
357,22 February 2024,22,February,2024
358,8 November 2024,8,November,2024
359,28 September 2022,28,September,2022
360,23 February 2023,23,February,2023
361,28 January 2021,28,January,2021
362,25 January 2024,25,January,2024
363,16 November 2024,16,November,2024
364,13 October 2023,13,October,2023
365,21 May 2021,21,May,2021
366,17 April 2019,17,April,2019
367,25 January 2019,25,January,2019
368,14 July 2023,14,July,2023
369,8 August 2023,8,August,2023
370,09 November 2022,9,November,2022
371,3 March 2023,3,March,2023
372,9 June 2023,9,June,2023
373,02 November 2018,2,November,2018
374,6 September 2024,6,September,2024
375,4 July 2024,4,July,2024
376,05 October 2020,5,October,2020
377,26 October 2021,26,October,2021
378,24 April 2023,24,April,2023
379,03 November 2023,3,November,2023
380,28 May 2024,28,May,2024
381,19 June 2023,19,June,2023
382,1 November 2023,1,November,2023
383,3 August 2023,3,August,2023
384,06 February 2024,6,February,2024
385,02 July 2024,2,July,2024
386,01 November 2023,1,November,2023
387,20 December 2021,20,December,2021
388,03 February 2023,3,February,2023
389,15 February 2023,15,February,2023
390,2 May 2024,2,May,2024
391,16 December 2023,16,December,2023
392,15 February 2024,15,February,2024
393,22 May 2024,22,May,2024
394,21 January 2020,21,January,2020
395,17 August 2023,17,August,2023
396,26 December 2022,26,December,2022
397,14 September 2018,14,September,2018
398,12 February 2024,12,February,2024
399,5 May 2023,5,May,2023
400,13 December 2024,13,December,2024
401,23 January 2024,23,January,2024
402,30 December 2023,30,December,2023
403,20 April 2024,20,April,2024
404,24 August 2023,24,August,2023
405,07 January 2022,7,January,2022
406,17 June 2019,17,June,2019
407,28 June 2018,28,June,2018
408,14 December 2021,14,December,2021
409,20 January 2019,20,January,2019
410,4 February 2024,4,February,2024
411,01 August 2024,1,August,2024
412,1 January 2024,1,January,2024
413,05 May 2023,5,May,2023
414,27 November 2020,27,November,2020
415,28 August 2019,28,August,2019
416,08 April 2019,8,April,2019
417,20 May 2010,20,May,2010
418,07 February 2024,7,February,2024
419,2 December 2024,2,December,2024
420,1 November 2024,1,November,2024
421,27 September 2023,27,September,2023
422,11 November 2019,11,November,2019
423,11 October 2018,11,October,2018
424,13 June 2022,13,June,2022
425,11 June 2021,11,June,2021
426,21 October 2022,21,October,2022
427,16 March 2020,16,March,2020
428,03 May 2021,3,May,2021
429,08 October 2024,8,October,2024
430,09 July 2024,9,July,2024
431,20 May 2024,20,May,2024
432,20 July 2008,20,July,2008
433,04 May 2015,4,May,2015
434,09 December 2019,9,December,2019
435,18 May 2018,18,May,2018
436,2 October 2024,2,October,2024
437,19 April 2024,19,April,2024
438,2 May 2023,2,May,2023
439,08 December 2020,8,December,2020
440,24 July 2013,24,July,2013
441,11 May 2016,11,May,2016
442,12 December 2024,12,December,2024
443,25 March 2024,25,March,2024
444,05 December 2024,5,December,2024
445,8 June 2023,8,June,2023
446,10 December 2021,10,December,2021
447,29 May 2020,29,May,2020
448,07 September 2022,7,September,2022
449,1 February 2023,1,February,2023
450,26 March 2018,26,March,2018
451,02 September 2024,2,September,2024
452,10 September 2024,10,September,2024
453,24 January 2024,24,January,2024
454,6 June 2024,6,June,2024
455,14 September 2020,14,September,2020
456,01 April 2019,1,April,2019
457,10 July 2023,10,July,2023
458,10 January 2020,10,January,2020
459,08 June 2018,8,June,2018
460,07 November 2024,7,November,2024
461,14 March 2022,14,March,2022
462,14 January 2023,14,January,2023
463,10 June 2019,10,June,2019
464,31 July 2020,31,July,2020
465,02 October 2021,2,October,2021
466,9 June 2022,9,June,2022
467,25 March 2019,25,March,2019
468,21 November 2023,21,November,2023
469,6 June 2023,6,June,2023
470,05 May 2019,5,May,2019
471,23 April 2018,23,April,2018
472,06 June 2019,6,June,2019
473,27 May 2019,27,May,2019
474,27 August 2019,27,August,2019
475,25 November 2019,25,November,2019
476,06 August 2024,6,August,2024
477,30 August 2022,30,August,2022
478,23 August 2019,23,August,2019
479,10 November 2024,10,November,2024
480,3 July 2024,3,July,2024
481,06 March 2022,6,March,2022
482,29 July 2023,29,July,2023
483,24 October 2024,24,October,2024
484,10 September 2021,10,September,2021
485,02 May 2024,2,May,2024
486,8 May 2024,8,May,2024
487,29 March 2024,29,March,2024
488,17 June 2023,17,June,2023
489,27 December 2016,27,December,2016
490,10 March 2023,10,March,2023
491,17 August 2024,17,August,2024
492,5 July 2024,5,July,2024
493,30 March 2023,30,March,2023
494,14 January 2024,14,January,2024
495,7 August 2023,7,August,2023
496,10 March 2008,10,March,2008
497,26 July 2024,26,July,2024
498,23 August 2023,23,August,2023
499,21 April 2024,21,April,2024
500,06 August 2021,6,August,2021
501,30 November 2024,30,November,2024
502,28 October 2016,28,October,2016
503,02 December 2019,2,December,2019
504,21 September 2016,21,September,2016
505,13 May 2023,13,May,2023
506,28 March 2024,28,March,2024
507,8 March 2023,8,March,2023
508,02 July 2019,2,July,2019
509,27 November 2023,27,November,2023
510,27 July 2022,27,July,2022
511,06 November 2023,6,November,2023
512,19 January 2024,19,January,2024
513,24 October 2022,24,October,2022
514,20 May 2019,20,May,2019
515,03 February 2020,3,February,2020
516,27 November 2024,27,November,2024
517,29 November 2024,29,November,2024
518,30 October 2023,30,October,2023
519,05 February 2024,5,February,2024
520,02 January 2024,2,January,2024
521,Date not found,Day not found,Month not found,Year not found
522,23 March 2022,23,March,2022
523,28 May 2019,28,May,2019
524,09 December 2024,9,December,2024
525,03 April 2024,3,April,2024
526,15 September 2022,15,September,2022
527,4 November 2023,4,November,2023
528,16 June 2015,16,June,2015
529,14 March 2019,14,March,2019
530,27 October 2023,27,October,2023
531,18 July 2021,18,July,2021
532,01 April 2024,1,April,2024
533,26 October 2018,26,October,2018
534,27 February 2022,27,February,2022
535,01 January 2024,1,January,2024
536,22 November 2023,22,November,2023
537,22 January 2010,22,January,2010
538,19 November 2024,19,November,2024
539,22 October 2024,22,October,2024
540,7 December 2023,7,December,2023
541,17 June 2011,17,June,2011
542,14 November 2021,14,November,2021
543,16 June 2023,16,June,2023
544,19 April 2023,19,April,2023
545,9 July 2024,9,July,2024
546,07 November 2022,7,November,2022
547,19 January 2022,19,January,2022
548,16 July 2023,16,July,2023
549,17 October 2024,17,October,2024
550,20 February 2024,20,February,2024
551,20 September 2019,20,September,2019
552,17 February 2019,17,February,2019
553,28 June 2024,28,June,2024
554,20 October 2023,20,October,2023
555,30 November 2021,30,November,2021
556,13 July 2024,13,July,2024
557,26 September 2023,26,September,2023
558,12 August 2021,12,August,2021
559,16 April 2015,16,April,2015
560,15 July 2024,15,July,2024
561,08 March 2024,8,March,2024
562,5 September 2022,5,September,2022
563,22 April 2021,22,April,2021
564,5 September 2024,5,September,2024
565,5 November 2024,5,November,2024
566,18 July 2022,18,July,2022
567,28 September 2018,28,September,2018
568,1 December 2024,1,December,2024
569,13 July 2020,13,July,2020
570,07 December 2018,7,December,2018
571,28 August 2024,28,August,2024
572,24 February 2022,24,February,2022
573,09 January 2024,9,January,2024
574,23 April 2024,23,April,2024
575,27 September 2022,27,September,2022
576,16 December 2022,16,December,2022
577,12 October 2018,12,October,2018
578,15 April 2019,15,April,2019
579,16 September 2024,16,September,2024
580,16 October 2024,16,October,2024
581,01 June 2023,1,June,2023
582,27 December 2023,27,December,2023
583,16 May 2023,16,May,2023
584,06 October 2020,6,October,2020
585,08 December 2023,8,December,2023
586,01 November 2024,1,November,2024
587,08 April 2024,8,April,2024
588,2 November 2024,2,November,2024
589,08 December 2024,8,December,2024
590,27 August 2020,27,August,2020
591,01 September 2015,1,September,2015
592,05 June 2024,5,June,2024
593,3 June 2024,3,June,2024
594,16 April 2024,16,April,2024
595,13 June 2023,13,June,2023
596,25 July 2019,25,July,2019
597,11 June 2024,11,June,2024
598,17 January 2024,17,January,2024
599,1 October 2024,1,October,2024
600,22 December 2020,22,December,2020
601,15 June 2023,15,June,2023
602,13 July 2023,13,July,2023
603,24 January 2022,24,January,2022
604,27 November 2021,27,November,2021
605,12 June 2024,12,June,2024
606,30 May 2024,30,May,2024
607,5 June 2023,5,June,2023
608,23 October 2023,23,October,2023
609,18 May 2023,18,May,2023
610,27 May 2024,27,May,2024
611,15 June 2024,15,June,2024
612,26 June 2019,26,June,2019
613,28 September 2023,28,September,2023
614,16 May 2015,16,May,2015
615,25 June 2009,25,June,2009
616,27 February 2024,27,February,2024
617,18 July 2024,18,July,2024
618,12 January 2024,12,January,2024
619,9 May 2024,9,May,2024
620,01 April 2017,1,April,2017
621,21 May 2024,21,May,2024
622,27 July 2023,27,July,2023
623,18 December 2023,18,December,2023
624,26 October 2020,26,October,2020
625,24 July 2023,24,July,2023
626,1 September 2024,1,September,2024
627,07 March 2024,7,March,2024
628,9 April 2024,9,April,2024
629,17 February 2024,17,February,2024
630,04 January 2021,4,January,2021
631,30 May 2020,30,May,2020
632,25 November 2020,25,November,2020
633,07 December 2023,7,December,2023
634,20 September 2024,20,September,2024
635,18 March 2024,18,March,2024
636,15 December 2024,15,December,2024
637,17 December 2021,17,December,2021
638,09 April 2021,9,April,2021
639,3 October 2024,3,October,2024
640,4 December 2023,4,December,2023
641,26 April 2023,26,April,2023
642,15 June 2009,15,June,2009
643,12 October 2021,12,October,2021
644,23 October 2024,23,October,2024
645,9 November 2024,9,November,2024
646,1 May 2024,1,May,2024
647,09 June 2024,9,June,2024
648,15 December 2023,15,December,2023
649,02 February 2018,2,February,2018
650,20 November 2024,20,November,2024
651,03 July 2024,3,July,2024
652,20 October 2024,20,October,2024
653,6 July 2024,6,July,2024
654,10 May 2016,10,May,2016
655,06 November 2024,6,November,2024
656,01 May 2024,1,May,2024
657,08 July 2022,8,July,2022
658,17 May 2021,17,May,2021
659,13 November 2021,13,November,2021
660,20 January 2015,20,January,2015
661,10 May 2024,10,May,2024
662,11 September 2024,11,September,2024
663,16 July 2024,16,July,2024
664,05 April 2024,5,April,2024
665,8 November 2022,8,November,2022
666,25 October 2021,25,October,2021
667,01 February 2024,1,February,2024
668,7 September 2023,7,September,2023
669,21 January 2023,21,January,2023
670,4 January 2023,4,January,2023
671,21 October 2024,21,October,2024
672,21 October 2023,21,October,2023
673,05 January 2021,5,January,2021
674,4 April 2023,4,April,2023
675,11 December 2017,11,December,2017
676,10 November 2023,10,November,2023
677,1 July 2024,1,July,2024
678,20 January 2024,20,January,2024
679,10 May 2019,10,May,2019
680,03 October 2022,3,October,2022
681,16 October 2023,16,October,2023
682,12 August 2024,12,August,2024
683,27 March 2023,27,March,2023
684,29 December 2022,29,December,2022
685,20 October 2016,20,October,2016
686,04 November 2024,4,November,2024
687,7 June 2024,7,June,2024
688,12 December 2023,12,December,2023
689,01 February 2019,1,February,2019
690,20 March 2023,20,March,2023
691,29 October 2020,29,October,2020
692,25 November 2024,25,November,2024
693,7 February 2024,7,February,2024
694,14 June 2023,14,June,2023
695,12 December 2019,12,December,2019
696,01 March 2024,1,March,2024
697,18 February 2016,18,February,2016
698,8 August 2024,8,August,2024
699,6 May 2024,6,May,2024
700,30 December 2022,30,December,2022
701,04 November 2021,4,November,2021
702,8 December 2015,8,December,2015
703,08 May 2013,8,May,2013
704,2 November 2023,2,November,2023
705,8 November 2023,8,November,2023
706,08 November 2022,8,November,2022
707,30 May 2016,30,May,2016
708,18 June 2024,18,June,2024
709,04 October 2023,4,October,2023
710,14 December 2024,14,December,2024
711,9 November 2023,9,November,2023
712,23 April 2020,23,April,2020
713,04 April 2024,4,April,2024
714,11 October 2024,11,October,2024
715,30 January 2024,30,January,2024
716,5 February 2024,5,February,2024
717,17 November 2023,17,November,2023
718,6 November 2023,6,November,2023
719,4 June 2024,4,June,2024
720,31 July 2023,31,July,2023
721,21 July 2022,21,July,2022
722,24 January 2017,24,January,2017
723,19 November 2023,19,November,2023
724,26 July 2022,26,July,2022
725,22 November 2021,22,November,2021
726,04 March 2022,4,March,2022
727,04 October 2018,4,October,2018
728,05 December 2016,5,December,2016
729,27 February 2021,27,February,2021
730,16 March 2024,16,March,2024
731,10 August 2023,10,August,2023
732,05 October 2024,5,October,2024
733,30 July 2020,30,July,2020
734,21 October 2019,21,October,2019
735,04 August 2024,4,August,2024
736,9 May 2017,9,May,2017
737,08 August 2024,8,August,2024
738,3 January 2024,3,January,2024
739,15 July 2018,15,July,2018
740,2 February 2024,2,February,2024
741,3 February 2024,3,February,2024
742,22 July 2023,22,July,2023
743,25 January 2023,25,January,2023
744,23 May 2020,23,May,2020
745,26 August 2024,26,August,2024
746,25 March 2023,25,March,2023
747,21 September 2023,21,September,2023
748,15 November 2021,15,November,2021
749,22 August 2023,22,August,2023
750,21 March 2022,21,March,2022
751,25 July 2024,25,July,2024
752,15 May 2024,15,May,2024
753,14 April 2024,14,April,2024
754,22 December 2023,22,December,2023
755,08 May 2023,8,May,2023
756,30 October 2017,30,October,2017
757,01 October 2024,1,October,2024
758,11 March 2023,11,March,2023
759,23 November 2022,23,November,2022
760,17 April 2020,17,April,2020
761,09 December 2022,9,December,2022
762,23 September 2022,23,September,2022
763,26 September 2018,26,September,2018
764,29 April 2021,29,April,2021
765,08 April 2022,8,April,2022
766,30 October 2024,30,October,2024
767,22 October 2023,22,October,2023
768,2 December 2023,2,December,2023
769,05 June 2019,5,June,2019
770,18 November 2024,18,November,2024
771,29 June 2023,29,June,2023
772,06 April 2023,6,April,2023
773,9 February 2024,9,February,2024
774,30 September 2018,30,September,2018
775,18 December 2018,18,December,2018
776,27 August 2024,27,August,2024
777,26 July 2023,26,July,2023
778,4 July 2023,4,July,2023
779,13 December 2022,13,December,2022
780,17 May 2024,17,May,2024
781,04 November 2018,4,November,2018
782,18 September 2022,18,September,2022
783,20 April 2023,20,April,2023
784,04 December 2017,4,December,2017
785,20 December 2022,20,December,2022
786,04 December 2019,4,December,2019
787,22 November 2024,22,November,2024
788,03 May 2024,3,May,2024
789,28 October 2023,28,October,2023
790,13 March 2023,13,March,2023
791,29 October 2018,29,October,2018
792,27 October 2014,27,October,2014
793,2 March 2024,2,March,2024
794,02 October 2024,2,October,2024
795,14 April 2023,14,April,2023
796,18 September 2024,18,September,2024
797,16 February 2024,16,February,2024
798,22 March 2024,22,March,2024
799,4 November 2024,4,November,2024
800,25 May 2023,25,May,2023
801,03 November 2022,3,November,2022
802,14 May 2016,14,May,2016
803,08 February 2024,8,February,2024
804,15 August 2024,15,August,2024
805,19 February 2024,19,February,2024
806,19 August 2024,19,August,2024
807,5 January 2024,5,January,2024
808,22 May 2023,22,May,2023
809,10 December 2023,10,December,2023
810,15 March 2019,15,March,2019
811,2 August 2023,2,August,2023
812,09 May 2024,9,May,2024
813,8 December 2023,8,December,2023
814,23 November 2021,23,November,2021
815,21 June 2024,21,June,2024
816,03 February 2009,3,February,2009
817,18 October 2023,18,October,2023
818,04 December 2023,4,December,2023
819,28 November 2018,28,November,2018
820,07 February 2020,7,February,2020
821,30 September 2023,30,September,2023
822,24 December 2022,24,December,2022
823,25 September 2023,25,September,2023
824,2 August 2024,2,August,2024
825,29 June 2021,29,June,2021
826,31 January 2014,31,January,2014
827,30 August 2024,30,August,2024
828,05 March 2024,5,March,2024
829,06 July 2020,6,July,2020
830,16 May 2013,16,May,2013
831,31 May 2009,31,May,2009
832,24 May 2024,24,May,2024
833,01 May 2019,1,May,2019
834,21 July 2016,21,July,2016
835,25 September 2015,25,September,2015
836,12 July 2024,12,July,2024
837,23 November 2023,23,November,2023
838,10 April 2024,10,April,2024
839,5 October 2024,5,October,2024
840,24 March 2024,24,March,2024
841,1 March 2023,1,March,2023
842,31 March 2023,31,March,2023
843,06 December 2024,6,December,2024
844,29 July 2013,29,July,2013
845,26 May 2019,26,May,2019
846,23 July 2024,23,July,2024
847,8 July 2024,8,July,2024
848,22 January 2024,22,January,2024
849,30 May 2023,30,May,2023
850,05 December 2023,5,December,2023
851,22 October 2021,22,October,2021
852,4 February 2023,4,February,2023
853,12 April 2024,12,April,2024
854,22 May 2020,22,May,2020
855,18 November 2022,18,November,2022
856,13 January 2020,13,January,2020
857,26 May 2023,26,May,2023
858,26 September 2022,26,September,2022
859,20 November 2023,20,November,2023
860,13 April 2024,13,April,2024
861,17 November 2022,17,November,2022
862,12 September 2022,12,September,2022
863,03 August 2024,3,August,2024
864,27 May 2020,27,May,2020
865,17 April 2021,17,April,2021
866,28 November 2024,28,November,2024
867,29 May 2024,29,May,2024
868,7 May 2024,7,May,2024
869,15 March 2023,15,March,2023
870,31 October 2018,31,October,2018
871,24 September 2023,24,September,2023
872,05 November 2021,5,November,2021
873,12 July 2017,12,July,2017
874,11 December 2024,11,December,2024
875,07 December 2022,7,December,2022
876,23 May 2023,23,May,2023
877,1 June 2024,1,June,2024
878,19 October 2022,19,October,2022
879,14 October 2024,14,October,2024
880,13 February 2024,13,February,2024
881,22 June 2023,22,June,2023
882,22 September 2021,22,September,2021
883,3 November 2023,3,November,2023
884,24 February 2024,24,February,2024
885,30 July 2024,30,July,2024
886,9 December 2024,9,December,2024
887,13 October 2024,13,October,2024
888,17 December 2023,17,December,2023
889,19 May 2021,19,May,2021
890,11 October 2023,11,October,2023
891,18 October 2022,18,October,2022
892,13 August 2024,13,August,2024
893,15 January 2024,15,January,2024
894,20 August 2021,20,August,2021
895,04 February 2020,4,February,2020
896,4 September 2023,4,September,2023
897,26 August 2023,26,August,2023
898,25 August 2022,25,August,2022
899,21 December 2022,21,December,2022
900,11 August 2022,11,August,2022
901,31 May 2020,31,May,2020
902,28 September 2024,28,September,2024
903,3 May 2023,3,May,2023
904,20 August 2019,20,August,2019
905,30 April 2024,30,April,2024
906,15 July 2022,15,July,2022
907,10 January 2024,10,January,2024
908,5 December 2023,5,December,2023
909,21 September 2024,21,September,2024
910,15 November 2022,15,November,2022
911,9 April 2022,9,April,2022
912,1 March 2024,1,March,2024
913,22 March 2016,22,March,2016
914,27 September 2024,27,September,2024
915,20 March 2024,20,March,2024
916,4 September 2024,4,September,2024
917,20 July 2024,20,July,2024
918,26 February 2024,26,February,2024
919,22 April 2024,22,April,2024
920,07 April 2014,7,April,2014
921,22 October 2018,22,October,2018
922,28 June 2023,28,June,2023
923,18 October 2019,18,October,2019
924,14 November 2011,14,November,2011
925,25 October 2024,25,October,2024
926,17 June 2022,17,June,2022
927,23 October 2020,23,October,2020
928,5 August 2023,5,August,2023
929,1 June 2023,1,June,2023
930,18 June 2021,18,June,2021
931,04 November 2013,4,November,2013
932,17 July 2021,17,July,2021
933,29 August 2024,29,August,2024
934,12 October 2024,12,October,2024
935,13 May 2024,13,May,2024
936,23 November 2020,23,November,2020
937,01 October 2020,1,October,2020
938,8 October 2022,8,October,2022
939,25 July 2016,25,July,2016
940,30 June 2020,30,June,2020
941,11 May 2022,11,May,2022
942,14 August 2024,14,August,2024
943,3 September 2024,3,September,2024
944,17 September 2017,17,September,2017
945,20 June 2018,20,June,2018
946,03 October 2024,3,October,2024
947,6 December 2024,6,December,2024
948,12 September 2024,12,September,2024
949,14 March 2024,14,March,2024
950,30 May 2018,30,May,2018
951,11 April 2024,11,April,2024
952,21 February 2024,21,February,2024
953,08 January 2022,8,January,2022
954,3 August 2024,3,August,2024
955,14 July 2024,14,July,2024
956,09 April 2020,9,April,2020
957,5 April 2023,5,April,2023
958,9 August 2024,9,August,2024
959,26 October 2024,26,October,2024
960,16 January 2024,16,January,2024
961,04 June 2021,4,June,2021
962,20 July 2015,20,July,2015
963,5 April 2024,5,April,2024
964,06 May 2024,6,May,2024
965,27 March 2024,27,March,2024
966,09 August 2022,9,August,2022
967,25 April 2023,25,April,2023
968,22 August 2024,22,August,2024
969,23 February 2024,23,February,2024
970,23 June 2023,23,June,2023
971,31 May 2023,31,May,2023
972,28 February 2020,28,February,2020
973,8 March 2018,8,March,2018
974,31 October 2016,31,October,2016
975,09 October 2024,9,October,2024
976,17 July 2024,17,July,2024
977,10 October 2024,10,October,2024
978,21 June 2022,21,June,2022
979,7 August 2024,7,August,2024
980,7 November 2023,7,November,2023
981,29 September 2024,29,September,2024
982,29 September 2023,29,September,2023
983,17 January 2023,17,January,2023
984,09 June 2021,9,June,2021
985,16 June 2024,16,June,2024
986,13 May 2021,13,May,2021
987,30 July 2021,30,July,2021
988,30 September 2024,30,September,2024
989,24 November 2023,24,November,2023
990,18 May 2024,18,May,2024
991,24 August 2022,24,August,2022
992,19 July 2024,19,July,2024
993,10 May 2023,10,May,2023
994,22 August 2019,22,August,2019
995,13 February 2023,13,February,2023
996,14 June 2017,14,June,2017
997,31 October 2024,31,October,2024
998,09 August 2023,9,August,2023
999,31 August 2018,31,August,2018
1000,20 October 2020,20,October,2020
1001,11 November 2023,11,November,2023
1002,2 June 2024,2,June,2024
1003,10 June 2023,10,June,2023
1004,11 September 2023,11,September,2023
1005,09 November 2023,9,November,2023
1006,25 August 2020,25,August,2020
1007,01 January 2010,1,January,2010
1008,14 November 2017,14,November,2017
1009,02 February 2024,2,February,2024
1010,22 July 2024,22,July,2024
1011,4 December 2024,4,December,2024
1012,16 March 2009,16,March,2009
1013,2 January 2024,2,January,2024
1014,16 May 2020,16,May,2020
1015,17 December 2024,17,December,2024
1016,7 November 2024,7,November,2024
1017,16 September 2023,16,September,2023
1018,8 March 2024,8,March,2024
1019,27 April 2018,27,April,2018
1020,07 September 2015,7,September,2015
1021,09 February 2024,9,February,2024
1022,25 September 2024,25,September,2024
1023,5 December 2022,5,December,2022
1024,25 May 2021,25,May,2021
1025,09 December 2018,9,December,2018
1026,29 October 2024,29,October,2024
1027,08 November 2024,8,November,2024
1028,9 August 2023,9,August,2023
1029,17 July 2022,17,July,2022
1030,28 August 2023,28,August,2023
1031,14 May 2024,14,May,2024
1032,19 October 2024,19,October,2024
1033,25 May 2024,25,May,2024
1034,7 September 2024,7,September,2024
1035,11 April 2023,11,April,2023
1036,11 December 2020,11,December,2020
1037,9 December 2023,9,December,2023
1038,11 June 2019,11,June,2019
1039,11 July 2021,11,July,2021
1040,01 December 2018,1,December,2018
1041,13 May 2019,13,May,2019
1042,20 May 2017,20,May,2017
1043,06 February 2015,6,February,2015
1044,18 August 2023,18,August,2023
1045,06 December 2023,6,December,2023
1046,25 September 2020,25,September,2020
1047,16 August 2024,16,August,2024
1048,2 June 2023,2,June,2023
1049,26 June 2023,26,June,2023
1050,29 May 2023,29,May,2023
1051,26 March 2021,26,March,2021
1052,25 September 2009,25,September,2009
1053,21 November 2024,21,November,2024
1054,11 November 2024,11,November,2024
1055,20 June 2024,20,June,2024
1056,25 November 2022,25,November,2022
1057,21 April 2023,21,April,2023
1058,14 March 2018,14,March,2018
1059,07 June 2024,7,June,2024
1060,20 December 2023,20,December,2023
1061,08 June 2021,8,June,2021
1062,14 May 2010,14,May,2010
1063,01 June 2019,1,June,2019
1064,13 September 2024,13,September,2024
1065,07 June 2023,7,June,2023
1066,04 July 2024,4,July,2024
1067,14 September 2024,14,September,2024
1068,1 December 2023,1,December,2023
1069,07 May 2024,7,May,2024
1070,31 August 2022,31,August,2022
1071,28 June 2021,28,June,2021
1072,03 November 2017,3,November,2017
1073,22 August 2022,22,August,2022
1074,10 December 2024,10,December,2024
1075,10 October 2023,10,October,2023
1076,4 May 2024,4,May,2024
1077,02 December 2021,2,December,2021
1078,24 March 2022,24,March,2022
1079,20 May 2023,20,May,2023
1080,24 April 2024,24,April,2024
1081,20 October 2022,20,October,2022
1082,23 March 2024,23,March,2024
1083,13 July 2021,13,July,2021
1084,17 October 2023,17,October,2023
1085,21 December 2020,21,December,2020
1086,23 September 2019,23,September,2019
1087,27 June 2023,27,June,2023
1088,25 August 2023,25,August,2023
1089,15 April 2023,15,April,2023
1090,01 September 2022,1,September,2022
1091,2 July 2024,2,July,2024
1092,24 November 2024,24,November,2024
1093,26 January 2023,26,January,2023
1094,19 June 2024,19,June,2024
1095,9 October 2024,9,October,2024
1096,5 December 2024,5,December,2024
1097,31 July 2024,31,July,2024
1098,17 April 2024,17,April,2024
1099,18 September 2023,18,September,2023
1100,20 July 2023,20,July,2023
1101,04 June 2024,4,June,2024
1102,11 June 2022,11,June,2022
1103,12 June 2019,12,June,2019
1104,04 January 2019,4,January,2019
1105,26 November 2023,26,November,2023
1106,02 December 2024,2,December,2024
1107,16 December 2024,16,December,2024
1108,9 September 2024,9,September,2024
1109,19 December 2023,19,December,2023
1110,6 April 2024,6,April,2024
1111,13 January 2023,13,January,2023
1112,09 July 2018,9,July,2018
1113,24 September 2019,24,September,2019
1114,03 November 2020,3,November,2020
1115,23 September 2020,23,September,2020
1116,10 March 2024,10,March,2024
1117,05 October 2023,5,October,2023
1118,24 June 2023,24,June,2023
1119,21 July 2015,21,July,2015
1120,26 March 2024,26,March,2024
1121,01 December 2023,1,December,2023
1122,30 July 2023,30,July,2023
1123,28 February 2023,28,February,2023
1124,21 December 2023,21,December,2023
1125,13 January 2024,13,January,2024
1126,28 May 2022,28,May,2022
1127,08 December 2022,8,December,2022
1128,2 September 2024,2,September,2024
1129,7 November 2014,7,November,2014
1130,27 January 2021,27,January,2021
1131,17 June 2024,17,June,2024
1132,24 August 2024,24,August,2024
1133,9 October 2023,9,October,2023
1134,4 January 2024,4,January,2024
1135,19 May 2023,19,May,2023
1136,07 July 2022,7,July,2022
1137,16 January 2023,16,January,2023
1138,14 October 2020,14,October,2020
1139,27 August 2018,27,August,2018
1140,02 August 2024,2,August,2024
1141,23 September 2024,23,September,2024
1142,17 July 2023,17,July,2023
1143,20 September 2012,20,September,2012
1144,18 April 2017,18,April,2017
1145,18 September 2017,18,September,2017
1146,02 June 2021,2,June,2021
1147,13 July 2022,13,July,2022
1148,06 September 2023,6,September,2023
